FREQ;Frequenza;REF_AREA;Territorio;DATA_TYPE;Indicatore;TIME_PERIOD;Osservazione;OBS_STATUS;'Stato dell"'osservazione';NOTE_REF_AREA;Territorio (NOTE_REF_AREA);NOTE_DATA_TYPE;Indicatore (NOTE_DATA_TYPE);NOTE_TIME_PERIOD;Tempo (NOTE_TIME_PERIOD);BASE_PER;Anno base;UNIT_MEAS;Unità di misura;UNIT_MULT;Unità di moltiplicazione
A;Annuale;IT;Italia;URGRDPINC;Densità di verde urbano - incidenza percentuale sulla superficie comunale;2024;3.0;;;ITTER107__IT_N4;'Valori riferiti all"'insieme dei comuni capoluogo.';;;;;;;;;;
A;Annuale;ITCD;Nord;URGRDPINC;Densità di verde urbano - incidenza percentuale sulla superficie comunale;2024;5.4;;;ITTER107__ITCD_N1;'Valori riferiti all"'insieme dei comuni capoluogo.';;;;;;;;;;
A;Annuale;ITC;Nord-ovest;URGRDPINC;Densità di verde urbano - incidenza percentuale sulla superficie comunale;2024;5.7;;;ITTER107__ITC_N1;'Valori riferiti all"'insieme dei comuni capoluogo.';;;;;;;;;;
A;Annuale;001272;Torino;URGRDPINC;Densità di verde urbano - incidenza percentuale sulla superficie comunale;2024;18.3;;;;;;;;;;;;;;
A;Annuale;002158;Vercelli;URGRDPINC;Densità di verde urbano - incidenza percentuale sulla superficie comunale;2024;1.8;;;;;;;;;;;;;;
A;Annuale;003106;Novara;URGRDPINC;Densità di verde urbano - incidenza percentuale sulla superficie comunale;2024;1.7;;;;;;;;;;;;;;
A;Annuale;004078;Cuneo;URGRDPINC;Densità di verde urbano - incidenza percentuale sulla superficie comunale;2024;1.5;;;;;;;;;;;;;;
A;Annuale;005005;Asti;URGRDPINC;Densità di verde urbano - incidenza percentuale sulla superficie comunale;2024;1.4;;;;;;;;;;;;;;
A;Annuale;006003;Alessandria;URGRDPINC;Densità di verde urbano - incidenza percentuale sulla superficie comunale;2024;1.3;;;;;;;;;;;;;;
A;Annuale;096004;Biella;URGRDPINC;Densità di verde urbano - incidenza percentuale sulla superficie comunale;2024;1.9;;;;;;;;;;;;;;
A;Annuale;103072;Verbania;URGRDPINC;Densità di verde urbano - incidenza percentuale sulla superficie comunale;2024;9.1;;;;;;;;;;;;;;
A;Annuale;007003;Aosta;URGRDPINC;Densità di verde urbano - incidenza percentuale sulla superficie comunale;2024;3.0;;;;;;;;;;;;;;
A;Annuale;008031;Imperia;URGRDPINC;Densità di verde urbano - incidenza percentuale sulla superficie comunale;2024;0.6;;;;;;;;;;;;;;
A;Annuale;009056;Savona;URGRDPINC;Densità di verde urbano - incidenza percentuale sulla superficie comunale;2024;0.5;;;;;;;;;;;;;;
A;Annuale;010025;Genova;URGRDPINC;Densità di verde urbano - incidenza percentuale sulla superficie comunale;2024;5.7;;;;;;;;;;;;;;
A;Annuale;011015;La Spezia;URGRDPINC;Densità di verde urbano - incidenza percentuale sulla superficie comunale;2024;2.4;;;;;;;;;;;;;;
A;Annuale;012133;Varese;URGRDPINC;Densità di verde urbano - incidenza percentuale sulla superficie comunale;2024;2.9;;;;;;;;;;;;;;
A;Annuale;013075;Como;URGRDPINC;Densità di verde urbano - incidenza percentuale sulla superficie comunale;2024;4.7;;;;;;;;;;;;;;
A;Annuale;014061;Sondrio;URGRDPINC;Densità di verde urbano - incidenza percentuale sulla superficie comunale;2024;30.8;;;;;;;;;;;;;;
A;Annuale;015146;Milano;URGRDPINC;Densità di verde urbano - incidenza percentuale sulla superficie comunale;2024;14.3;;;;;;;;;;;;;;
A;Annuale;016024;Bergamo;URGRDPINC;Densità di verde urbano - incidenza percentuale sulla superficie comunale;2024;7.7;;;;;;;;;;;;;;
A;Annuale;017029;Brescia;URGRDPINC;Densità di verde urbano - incidenza percentuale sulla superficie comunale;2024;5.7;;;;;;;;;;;;;;
A;Annuale;018110;Pavia;URGRDPINC;Densità di verde urbano - incidenza percentuale sulla superficie comunale;2024;2.8;;;;;;;;;;;;;;
A;Annuale;019036;Cremona;URGRDPINC;Densità di verde urbano - incidenza percentuale sulla superficie comunale;2024;3.3;;;;;;;;;;;;;;
A;Annuale;020030;Mantova;URGRDPINC;Densità di verde urbano - incidenza percentuale sulla superficie comunale;2024;3.1;;;;;;;;;;;;;;
A;Annuale;097042;Lecco;URGRDPINC;Densità di verde urbano - incidenza percentuale sulla superficie comunale;2024;1.6;;;;;;;;;;;;;;
A;Annuale;098031;Lodi;URGRDPINC;Densità di verde urbano - incidenza percentuale sulla superficie comunale;2024;6.2;;;;;;;;;;;;;;
A;Annuale;108033;Monza;URGRDPINC;Densità di verde urbano - incidenza percentuale sulla superficie comunale;2024;27.6;;;ITTER107__108033_N1;Comune incluso nella rilevazione a partire dal 2010;;;;;;;;;;
A;Annuale;ITD;Nord-est;URGRDPINC;Densità di verde urbano - incidenza percentuale sulla superficie comunale;2024;5.3;;;ITTER107__ITD_N1;'Valori riferiti all"'insieme dei comuni capoluogo.';;;;;;;;;;
A;Annuale;021008;Bolzano/Bozen;URGRDPINC;Densità di verde urbano - incidenza percentuale sulla superficie comunale;2024;46.5;;;;;;;;;;;;;;
A;Annuale;022205;Trento;URGRDPINC;Densità di verde urbano - incidenza percentuale sulla superficie comunale;2024;30.1;;;;;;;;;;;;;;
A;Annuale;023091;Verona;URGRDPINC;Densità di verde urbano - incidenza percentuale sulla superficie comunale;2024;3.7;;;;;;;;;;;;;;
A;Annuale;024116;Vicenza;URGRDPINC;Densità di verde urbano - incidenza percentuale sulla superficie comunale;2024;3.8;;;;;;;;;;;;;;
A;Annuale;025006;Belluno;URGRDPINC;Densità di verde urbano - incidenza percentuale sulla superficie comunale;2024;0.6;;;;;;;;;;;;;;
A;Annuale;026086;Treviso;URGRDPINC;Densità di verde urbano - incidenza percentuale sulla superficie comunale;2024;3.4;;;;;;;;;;;;;;
A;Annuale;027042;Venezia;URGRDPINC;Densità di verde urbano - incidenza percentuale sulla superficie comunale;2024;2.9;;;;;;;;;;;;;;
A;Annuale;028060;Padova;URGRDPINC;Densità di verde urbano - incidenza percentuale sulla superficie comunale;2024;10.1;;;;;;;;;;;;;;
A;Annuale;029041;Rovigo;URGRDPINC;Densità di verde urbano - incidenza percentuale sulla superficie comunale;2024;1.6;;;;;;;;;;;;;;
A;Annuale;030129;Udine;URGRDPINC;Densità di verde urbano - incidenza percentuale sulla superficie comunale;2024;3.8;;;;;;;;;;;;;;
A;Annuale;031007;Gorizia;URGRDPINC;Densità di verde urbano - incidenza percentuale sulla superficie comunale;2024;11.4;;;;;;;;;;;;;;
A;Annuale;032006;Trieste;URGRDPINC;Densità di verde urbano - incidenza percentuale sulla superficie comunale;2024;14.7;;;;;;;;;;;;;;
A;Annuale;093033;Pordenone;URGRDPINC;Densità di verde urbano - incidenza percentuale sulla superficie comunale;2024;6.0;;;;;;;;;;;;;;
A;Annuale;033032;Piacenza;URGRDPINC;Densità di verde urbano - incidenza percentuale sulla superficie comunale;2024;2.5;;;;;;;;;;;;;;
A;Annuale;034027;Parma;URGRDPINC;Densità di verde urbano - incidenza percentuale sulla superficie comunale;2024;7.1;;;;;;;;;;;;;;
A;Annuale;035033;'Reggio nell"'Emilia';URGRDPINC;Densità di verde urbano - incidenza percentuale sulla superficie comunale;2024;4.3;;;;;;;;;;;;;;
A;Annuale;036023;Modena;URGRDPINC;Densità di verde urbano - incidenza percentuale sulla superficie comunale;2024;7.6;;;;;;;;;;;;;;
A;Annuale;037006;Bologna;URGRDPINC;Densità di verde urbano - incidenza percentuale sulla superficie comunale;2024;6.1;;;;;;;;;;;;;;
A;Annuale;038008;Ferrara;URGRDPINC;Densità di verde urbano - incidenza percentuale sulla superficie comunale;2024;2.1;;;;;;;;;;;;;;
A;Annuale;039014;Ravenna;URGRDPINC;Densità di verde urbano - incidenza percentuale sulla superficie comunale;2024;1.2;;;;;;;;;;;;;;
A;Annuale;040007;Cesena;URGRDPINC;Densità di verde urbano - incidenza percentuale sulla superficie comunale;2024;1.6;;;ITTER107__040007_N1;Comune incluso nella rilevazione a partire dal 2020;;;;;;;;;;
A;Annuale;040012;Forlì;URGRDPINC;Densità di verde urbano - incidenza percentuale sulla superficie comunale;2024;1.3;;;;;;;;;;;;;;
A;Annuale;099014;Rimini;URGRDPINC;Densità di verde urbano - incidenza percentuale sulla superficie comunale;2024;2.4;;;;;;;;;;;;;;
A;Annuale;ITE;Centro;URGRDPINC;Densità di verde urbano - incidenza percentuale sulla superficie comunale;2024;2.5;;;ITTER107__ITE_N1;'Valori riferiti all"'insieme dei comuni capoluogo.';;;;;;;;;;
A;Annuale;045010;Massa;URGRDPINC;Densità di verde urbano - incidenza percentuale sulla superficie comunale;2024;1.3;;;;;;;;;;;;;;
A;Annuale;046017;Lucca;URGRDPINC;Densità di verde urbano - incidenza percentuale sulla superficie comunale;2024;0.9;;;;;;;;;;;;;;
A;Annuale;047014;Pistoia;URGRDPINC;Densità di verde urbano - incidenza percentuale sulla superficie comunale;2024;0.8;;;;;;;;;;;;;;
A;Annuale;048017;Firenze;URGRDPINC;Densità di verde urbano - incidenza percentuale sulla superficie comunale;2024;9.4;;;;;;;;;;;;;;
A;Annuale;049009;Livorno;URGRDPINC;Densità di verde urbano - incidenza percentuale sulla superficie comunale;2024;2.2;;;;;;;;;;;;;;
A;Annuale;050026;Pisa;URGRDPINC;Densità di verde urbano - incidenza percentuale sulla superficie comunale;2024;1.1;;;;;;;;;;;;;;
A;Annuale;051002;Arezzo;URGRDPINC;Densità di verde urbano - incidenza percentuale sulla superficie comunale;2024;0.8;;;;;;;;;;;;;;
A;Annuale;052032;Siena;URGRDPINC;Densità di verde urbano - incidenza percentuale sulla superficie comunale;2024;1.5;;;;;;;;;;;;;;
A;Annuale;053011;Grosseto;URGRDPINC;Densità di verde urbano - incidenza percentuale sulla superficie comunale;2024;0.9;;;;;;;;;;;;;;
A;Annuale;100005;Prato;URGRDPINC;Densità di verde urbano - incidenza percentuale sulla superficie comunale;2024;5.6;;;;;;;;;;;;;;
A;Annuale;054039;Perugia;URGRDPINC;Densità di verde urbano - incidenza percentuale sulla superficie comunale;2024;2.3;;;;;;;;;;;;;;
A;Annuale;055032;Terni;URGRDPINC;Densità di verde urbano - incidenza percentuale sulla superficie comunale;2024;7.9;;;;;;;;;;;;;;
A;Annuale;041044;Pesaro;URGRDPINC;Densità di verde urbano - incidenza percentuale sulla superficie comunale;2024;1.7;;;;;;;;;;;;;;
A;Annuale;042002;Ancona;URGRDPINC;Densità di verde urbano - incidenza percentuale sulla superficie comunale;2024;3.8;;;;;;;;;;;;;;
A;Annuale;043023;Macerata;URGRDPINC;Densità di verde urbano - incidenza percentuale sulla superficie comunale;2024;0.9;;;;;;;;;;;;;;
A;Annuale;044007;Ascoli Piceno;URGRDPINC;Densità di verde urbano - incidenza percentuale sulla superficie comunale;2024;0.4;;;;;;;;;;;;;;
A;Annuale;109006;Fermo;URGRDPINC;Densità di verde urbano - incidenza percentuale sulla superficie comunale;2024;0.8;;;ITTER107__109006_N1;Comune incluso nella rilevazione a partire dal 2010;;;;;;;;;;
A;Annuale;056059;Viterbo;URGRDPINC;Densità di verde urbano - incidenza percentuale sulla superficie comunale;2024;0.2;;;;;;;;;;;;;;
A;Annuale;057059;Rieti;URGRDPINC;Densità di verde urbano - incidenza percentuale sulla superficie comunale;2024;7.6;;;;;;;;;;;;;;
A;Annuale;058091;Roma;URGRDPINC;Densità di verde urbano - incidenza percentuale sulla superficie comunale;2024;3.7;;;;;;;;;;;;;;
A;Annuale;059011;Latina;URGRDPINC;Densità di verde urbano - incidenza percentuale sulla superficie comunale;2024;0.8;;;;;;;;;;;;;;
A;Annuale;060038;Frosinone;URGRDPINC;Densità di verde urbano - incidenza percentuale sulla superficie comunale;2024;3.0;;;;;;;;;;;;;;
A;Annuale;ITFG;Mezzogiorno;URGRDPINC;Densità di verde urbano - incidenza percentuale sulla superficie comunale;2024;1.6;;;ITTER107__ITFG_N1;'Valori riferiti all"'insieme dei comuni capoluogo.';;;;;;;;;;
A;Annuale;ITF;Sud;URGRDPINC;Densità di verde urbano - incidenza percentuale sulla superficie comunale;2024;1.9;;;ITTER107__ITF_N1;'Valori riferiti all"'insieme dei comuni capoluogo.';;;;;;;;;;
A;Annuale;066049;'L"'Aquila';URGRDPINC;Densità di verde urbano - incidenza percentuale sulla superficie comunale;2024;0.5;;;;;;;;;;;;;;
A;Annuale;067041;Teramo;URGRDPINC;Densità di verde urbano - incidenza percentuale sulla superficie comunale;2024;0.6;;;;;;;;;;;;;;
A;Annuale;068028;Pescara;URGRDPINC;Densità di verde urbano - incidenza percentuale sulla superficie comunale;2024;13.6;;;;;;;;;;;;;;
A;Annuale;069022;Chieti;URGRDPINC;Densità di verde urbano - incidenza percentuale sulla superficie comunale;2024;0.7;;;;;;;;;;;;;;
A;Annuale;070006;Campobasso;URGRDPINC;Densità di verde urbano - incidenza percentuale sulla superficie comunale;2024;1.0;;;;;;;;;;;;;;
A;Annuale;094023;Isernia;URGRDPINC;Densità di verde urbano - incidenza percentuale sulla superficie comunale;2024;30.6;;;;;;;;;;;;;;
A;Annuale;061022;Caserta;URGRDPINC;Densità di verde urbano - incidenza percentuale sulla superficie comunale;2024;2.5;;;;;;;;;;;;;;
A;Annuale;062008;Benevento;URGRDPINC;Densità di verde urbano - incidenza percentuale sulla superficie comunale;2024;1.1;;;;;;;;;;;;;;
A;Annuale;063049;Napoli;URGRDPINC;Densità di verde urbano - incidenza percentuale sulla superficie comunale;2024;10.8;;;;;;;;;;;;;;
A;Annuale;064008;Avellino;URGRDPINC;Densità di verde urbano - incidenza percentuale sulla superficie comunale;2024;5.4;;;;;;;;;;;;;;
A;Annuale;065116;Salerno;URGRDPINC;Densità di verde urbano - incidenza percentuale sulla superficie comunale;2024;4.1;;;;;;;;;;;;;;
A;Annuale;071024;Foggia;URGRDPINC;Densità di verde urbano - incidenza percentuale sulla superficie comunale;2024;0.3;;;;;;;;;;;;;;
A;Annuale;072006;Bari;URGRDPINC;Densità di verde urbano - incidenza percentuale sulla superficie comunale;2024;2.6;;;;;;;;;;;;;;
A;Annuale;073027;Taranto;URGRDPINC;Densità di verde urbano - incidenza percentuale sulla superficie comunale;2024;1.5;;;;;;;;;;;;;;
A;Annuale;074001;Brindisi;URGRDPINC;Densità di verde urbano - incidenza percentuale sulla superficie comunale;2024;0.3;;;;;;;;;;;;;;
A;Annuale;075035;Lecce;URGRDPINC;Densità di verde urbano - incidenza percentuale sulla superficie comunale;2024;0.4;;;;;;;;;;;;;;
A;Annuale;110001;Andria;URGRDPINC;Densità di verde urbano - incidenza percentuale sulla superficie comunale;2024;0.2;;;ITTER107__110001_N1;Comune incluso nella rilevazione a partire dal 2010;;;;;;;;;;
A;Annuale;110002;Barletta;URGRDPINC;Densità di verde urbano - incidenza percentuale sulla superficie comunale;2024;0.2;;;ITTER107__110002_N1;Comune incluso nella rilevazione a partire dal 2010;;;;;;;;;;
A;Annuale;110009;Trani;URGRDPINC;Densità di verde urbano - incidenza percentuale sulla superficie comunale;2024;0.3;;;ITTER107__110009_N1;Comune incluso nella rilevazione a partire dal 2010;;;;;;;;;;
A;Annuale;076063;Potenza;URGRDPINC;Densità di verde urbano - incidenza percentuale sulla superficie comunale;2024;6.0;;;;;;;;;;;;;;
A;Annuale;077014;Matera;URGRDPINC;Densità di verde urbano - incidenza percentuale sulla superficie comunale;2024;0.3;;;;;;;;;;;;;;
A;Annuale;078045;Cosenza;URGRDPINC;Densità di verde urbano - incidenza percentuale sulla superficie comunale;2024;6.5;;;;;;;;;;;;;;
A;Annuale;079023;Catanzaro;URGRDPINC;Densità di verde urbano - incidenza percentuale sulla superficie comunale;2024;4.5;;;;;;;;;;;;;;
A;Annuale;080063;Reggio di Calabria;URGRDPINC;Densità di verde urbano - incidenza percentuale sulla superficie comunale;2024;2.7;;;;;;;;;;;;;;
A;Annuale;101010;Crotone;URGRDPINC;Densità di verde urbano - incidenza percentuale sulla superficie comunale;2024;0.1;;;;;;;;;;;;;;
A;Annuale;102047;Vibo Valentia;URGRDPINC;Densità di verde urbano - incidenza percentuale sulla superficie comunale;2024;0.9;;;;;;;;;;;;;;
A;Annuale;ITG;Isole;URGRDPINC;Densità di verde urbano - incidenza percentuale sulla superficie comunale;2024;1.2;;;ITTER107__ITG_N1;'Valori riferiti all"'insieme dei comuni capoluogo.';;;;;;;;;;
A;Annuale;081021;Trapani;URGRDPINC;Densità di verde urbano - incidenza percentuale sulla superficie comunale;2024;0.2;;;;;;;;;;;;;;
A;Annuale;082053;Palermo;URGRDPINC;Densità di verde urbano - incidenza percentuale sulla superficie comunale;2024;4.8;;;;;;;;;;;;;;
A;Annuale;083048;Messina;URGRDPINC;Densità di verde urbano - incidenza percentuale sulla superficie comunale;2024;0.7;;;;;;;;;;;;;;
A;Annuale;084001;Agrigento;URGRDPINC;Densità di verde urbano - incidenza percentuale sulla superficie comunale;2024;2.3;;;;;;;;;;;;;;
A;Annuale;085004;Caltanissetta;URGRDPINC;Densità di verde urbano - incidenza percentuale sulla superficie comunale;2024;0.1;;;;;;;;;;;;;;
A;Annuale;086009;Enna;URGRDPINC;Densità di verde urbano - incidenza percentuale sulla superficie comunale;2024;0.1;;;;;;;;;;;;;;
A;Annuale;087015;Catania;URGRDPINC;Densità di verde urbano - incidenza percentuale sulla superficie comunale;2024;4.4;;;;;;;;;;;;;;
A;Annuale;088009;Ragusa;URGRDPINC;Densità di verde urbano - incidenza percentuale sulla superficie comunale;2024;0.4;;;;;;;;;;;;;;
A;Annuale;089017;Siracusa;URGRDPINC;Densità di verde urbano - incidenza percentuale sulla superficie comunale;2024;0.5;;;;;;;;;;;;;;
A;Annuale;090064;Sassari;URGRDPINC;Densità di verde urbano - incidenza percentuale sulla superficie comunale;2024;0.4;;;;;;;;;;;;;;
A;Annuale;091051;Nuoro;URGRDPINC;Densità di verde urbano - incidenza percentuale sulla superficie comunale;2024;0.6;;;;;;;;;;;;;;
A;Annuale;092009;Cagliari;URGRDPINC;Densità di verde urbano - incidenza percentuale sulla superficie comunale;2024;9.6;;;;;;;;;;;;;;
A;Annuale;095038;Oristano;URGRDPINC;Densità di verde urbano - incidenza percentuale sulla superficie comunale;2024;2.1;;;;;;;;;;;;;;
A;Annuale;111009;Carbonia;URGRDPINC;Densità di verde urbano - incidenza percentuale sulla superficie comunale;2024;1.6;;;ITTER107__111009_N1;Comune incluso nella rilevazione a partire dal 2006;;;;;;;;;;
A;Annuale;IT_C_M;Capoluoghi di città metropolitana;URGRDPINC;Densità di verde urbano - incidenza percentuale sulla superficie comunale;2024;5.2;;;ITTER107__IT_C_M_N1;.;;;;;;;;;;
A;Annuale;IT_C_P;Capoluoghi di provincia;URGRDPINC;Densità di verde urbano - incidenza percentuale sulla superficie comunale;2024;2.5;;;ITTER107__IT_C_P_N1;.;;;;;;;;;;
